{
  "parent": "item/generated",
  "textures": {
    "layer0": "minecraft:planetas/tierra"
  },
  "elements": [
    {
      "from": [
        0,
        0,
        0
      ],
      "to": [
        16,
        16,
        16
      ],
      "faces": {
        "north": {
          "texture": "#layer0"
        },
        "south": {
          "texture": "#layer0"
        },
        "east": {
          "texture": "#layer0"
        },
        "west": {
          "texture": "#layer0"
        },
        "up": {
          "texture": "#layer0"
        },
        "down": {
          "texture": "#layer0"
        }
      }
    }
  ]
}